{
    "commit": "835b910e7d758efdfdce9f23df1b190deb3373db",
    "start_epoch": 1751640611.657228,
    "end_epoch": 1751640954.346097,
    "elapsed_seconds": 342.688869,
    "model": "gemini-2.5-flash",
    "input_cost_per_token": 2.5e-06,
    "output_cost_per_token": 1e-05,
    "total_input_tokens": 61098,
    "total_output_tokens": 7229,
    "total_tokens": 68327,
    "total_cost": 0.225035
}