{
    "commit": "835b910e7d758efdfdce9f23df1b190deb3373db",
    "start_epoch": 1751919893.014247,
    "end_epoch": 1751920578.606903,
    "elapsed_seconds": 685.592656,
    "model": "gemini-2.5-flash",
    "input_cost_per_token": 2.5e-06,
    "output_cost_per_token": 1e-05,
    "total_input_tokens": 63688,
    "total_output_tokens": 8114,
    "total_tokens": 71802,
    "total_cost": 0.24036000000000007
}