{
    "commit": "7612f18dc8e0112e64e0845a1ebe9da6cfb8a123",
    "start_epoch": 1751921694.599544,
    "end_epoch": 1751921970.42342,
    "elapsed_seconds": 275.823876,
    "model": "gemini-2.5-flash",
    "input_cost_per_token": 2.5e-06,
    "output_cost_per_token": 1e-05,
    "total_input_tokens": 40479,
    "total_output_tokens": 5380,
    "total_tokens": 45859,
    "total_cost": 0.1549975
}