{
    "start_epoch": 1751881472.384633,
    "end_epoch": 1751881524.52257,
    "elapsed_seconds": 52.137937,
    "model": "gemini-2.5-flash",
    "input_cost_per_token": 2.5e-06,
    "output_cost_per_token": 1e-05,
    "total_input_tokens": 24383,
    "total_output_tokens": 2819,
    "total_tokens": 27202,
    "total_cost": 0.0891475
}