{
    "commit": "67dc8cc261a5ef64f576ce73f2281cc9021d8fb4",
    "start_epoch": 1751547016.631754,
    "end_epoch": 1751549486.762828,
    "elapsed_seconds": 2470.131074,
    "model": "gemini-2.5-flash",
    "input_cost_per_token": 2.5e-06,
    "output_cost_per_token": 1e-05,
    "total_input_tokens": 195231,
    "total_output_tokens": 25367,
    "total_tokens": 220598,
    "total_cost": 0.7417475
}