{
    "commit": "8d9d528bf52c60864802844e8acf16db09dae19a",
    "start_epoch": 1751919183.74081,
    "end_epoch": 1751919515.179883,
    "elapsed_seconds": 331.439073,
    "model": "gemini-2.5-flash",
    "input_cost_per_token": 2.5e-06,
    "output_cost_per_token": 1e-05,
    "total_input_tokens": 30820,
    "total_output_tokens": 4492,
    "total_tokens": 35312,
    "total_cost": 0.12197000000000001
}