{
    "commit": "8d9d528bf52c60864802844e8acf16db09dae19a",
    "start_epoch": 1751639851.514198,
    "end_epoch": 1751640114.551607,
    "elapsed_seconds": 263.037409,
    "model": "gemini-2.5-flash",
    "input_cost_per_token": 2.5e-06,
    "output_cost_per_token": 1e-05,
    "total_input_tokens": 45792,
    "total_output_tokens": 6827,
    "total_tokens": 52619,
    "total_cost": 0.18275000000000002
}