{
    "commit": "88f4be3d19364a484431309f750535386c7d0d5c",
    "start_epoch": 1751918132.668461,
    "end_epoch": 1751919183.412238,
    "elapsed_seconds": 1050.743777,
    "model": "gemini-2.5-flash",
    "input_cost_per_token": 2.5e-06,
    "output_cost_per_token": 1e-05,
    "total_input_tokens": 75925,
    "total_output_tokens": 11164,
    "total_tokens": 87089,
    "total_cost": 0.3014525
}