{
    "commit": "308510eb4fad9b112ebdd2867b0b96338b0a9a36",
    "start_epoch": 1751880571.861135,
    "end_epoch": 1751881028.261969,
    "elapsed_seconds": 456.400834,
    "model": "gemini-2.5-flash",
    "input_cost_per_token": 2.5e-06,
    "output_cost_per_token": 1e-05,
    "total_input_tokens": 26616,
    "total_output_tokens": 3166,
    "total_tokens": 29782,
    "total_cost": 0.09820000000000002
}