{
    "commit": "359c2db460f4410e86782a99eef06dabbfd96d34",
    "start_epoch": 1751549776.455035,
    "end_epoch": 1751549934.449345,
    "elapsed_seconds": 157.99431,
    "model": "gemini-2.5-flash",
    "input_cost_per_token": 2.5e-06,
    "output_cost_per_token": 1e-05,
    "total_input_tokens": 21228,
    "total_output_tokens": 3593,
    "total_tokens": 24821,
    "total_cost": 0.089
}