{
    "commit": "d6eede9e085f0b36edcf0a2f6dff5f7875181019",
    "start_epoch": 1751911396.028257,
    "end_epoch": 1751911973.125637,
    "elapsed_seconds": 577.09738,
    "model": "gemini-2.5-flash",
    "input_cost_per_token": 2.5e-06,
    "output_cost_per_token": 1e-05,
    "total_input_tokens": 43507,
    "total_output_tokens": 6222,
    "total_tokens": 49729,
    "total_cost": 0.17098750000000004
}