{
    "commit": "265db2e533d4cdc8f7548717b911a92b6a7c9ec9",
    "start_epoch": 1751930655.690532,
    "end_epoch": 1751933363.981884,
    "elapsed_seconds": 2708.291352,
    "model": "gemini-2.5-flash",
    "input_cost_per_token": 2.5e-06,
    "output_cost_per_token": 1e-05,
    "total_input_tokens": 90122,
    "total_output_tokens": 8626,
    "total_tokens": 98748,
    "total_cost": 0.311565
}