{
    "commit": "a5abe5d95cb8a8015913be9748a9661f3e1fbda8",
    "start_epoch": 1751637478.377963,
    "end_epoch": 1751637937.409704,
    "elapsed_seconds": 459.031741,
    "model": "gemini-2.5-flash",
    "input_cost_per_token": 2.5e-06,
    "output_cost_per_token": 1e-05,
    "total_input_tokens": 39818,
    "total_output_tokens": 6259,
    "total_tokens": 46077,
    "total_cost": 0.162135
}