{
    "commit": "a5abe5d95cb8a8015913be9748a9661f3e1fbda8",
    "start_epoch": 1751909763.642329,
    "end_epoch": 1751910164.720587,
    "elapsed_seconds": 401.078258,
    "model": "gemini-2.5-flash",
    "input_cost_per_token": 2.5e-06,
    "output_cost_per_token": 1e-05,
    "total_input_tokens": 46200,
    "total_output_tokens": 7047,
    "total_tokens": 53247,
    "total_cost": 0.18596999999999997
}