{
    "commit": "308510eb4fad9b112ebdd2867b0b96338b0a9a36",
    "start_epoch": 1751920578.861793,
    "end_epoch": 1751920897.987665,
    "elapsed_seconds": 319.125872,
    "model": "gemini-2.5-flash",
    "input_cost_per_token": 2.5e-06,
    "output_cost_per_token": 1e-05,
    "total_input_tokens": 44194,
    "total_output_tokens": 6670,
    "total_tokens": 50864,
    "total_cost": 0.177185
}