{
    "commit": "979bbf03bb00bc55ca09783791b5091a2247df68",
    "start_epoch": 1750949522.466996,
    "end_epoch": 1750950584.048769,
    "elapsed_seconds": 1061.581773,
    "model": "gemini-2.5-flash",
    "input_cost_per_token": 2.5e-06,
    "output_cost_per_token": 1e-05,
    "total_input_tokens": 65989,
    "total_output_tokens": 7539,
    "total_tokens": 73528,
    "total_cost": 0.24036250000000006
}