{
    "commit": "96f91428c6ad2d19f1ce87ae160b78f52ed989fb",
    "start_epoch": 1751908913.228207,
    "end_epoch": 1751909763.428284,
    "elapsed_seconds": 850.200077,
    "model": "gemini-2.5-flash",
    "input_cost_per_token": 2.5e-06,
    "output_cost_per_token": 1e-05,
    "total_input_tokens": 46084,
    "total_output_tokens": 7272,
    "total_tokens": 53356,
    "total_cost": 0.18793
}