{
    "commit": "5ecc39749a98c7ec3fc63b8cbaa82de5eb17c173",
    "start_epoch": 1751546569.76071,
    "end_epoch": 1751547016.502376,
    "elapsed_seconds": 446.741666,
    "model": "gemini-2.5-flash",
    "input_cost_per_token": 2.5e-06,
    "output_cost_per_token": 1e-05,
    "total_input_tokens": 21045,
    "total_output_tokens": 3476,
    "total_tokens": 24521,
    "total_cost": 0.0873725
}