{
    "commit": "0de967d6ece1606234ac56d5fe58a800d1b0434f",
    "start_epoch": 1751549487.057346,
    "end_epoch": 1751549776.346828,
    "elapsed_seconds": 289.289482,
    "model": "gemini-2.5-flash",
    "input_cost_per_token": 2.5e-06,
    "output_cost_per_token": 1e-05,
    "total_input_tokens": 29845,
    "total_output_tokens": 4701,
    "total_tokens": 34546,
    "total_cost": 0.12162250000000001
}