{
    "commit": "1faccd601d904a951142d8fba82914a8325b764e",
    "start_epoch": 1750942320.210282,
    "end_epoch": 1750944187.796773,
    "elapsed_seconds": 1867.586491,
    "model": "gemini-2.5-flash",
    "input_cost_per_token": 2.5e-06,
    "output_cost_per_token": 1e-05,
    "total_input_tokens": 134217,
    "total_output_tokens": 11464,
    "total_tokens": 145681,
    "total_cost": 0.4501825000000001
}