{
    "commit": "021fcee63667e346c619e04bbae932bcea562334",
    "start_epoch": 1750937977.667337,
    "end_epoch": 1750939769.404227,
    "elapsed_seconds": 1791.73689,
    "model": "gemini-2.5-flash",
    "input_cost_per_token": 2.5e-06,
    "output_cost_per_token": 1e-05,
    "total_input_tokens": 156228,
    "total_output_tokens": 14716,
    "total_tokens": 170944,
    "total_cost": 0.53773
}