{
    "commit": "69396347af67b0307866a24283fcaaad02f98a59",
    "start_epoch": 1751942117.103499,
    "end_epoch": 1751942969.079788,
    "elapsed_seconds": 851.976289,
    "model": "gemini-2.5-flash",
    "input_cost_per_token": 2.5e-06,
    "output_cost_per_token": 1e-05,
    "total_input_tokens": 45210,
    "total_output_tokens": 6022,
    "total_tokens": 51232,
    "total_cost": 0.173245
}