{
    "commit": "6cd04aa858f2d92105c0fbd65cdafb96428db002",
    "start_epoch": 1751937549.865682,
    "end_epoch": 1751938243.735049,
    "elapsed_seconds": 693.869367,
    "model": "gemini-2.5-flash",
    "input_cost_per_token": 2.5e-06,
    "output_cost_per_token": 1e-05,
    "total_input_tokens": 38063,
    "total_output_tokens": 6067,
    "total_tokens": 44130,
    "total_cost": 0.1558275
}