{
    "commit": "87fbc6f7566e4d3266bd3a2cd69f6c90e1aefa5d",
    "start_epoch": 1751908265.819797,
    "end_epoch": 1751908912.882013,
    "elapsed_seconds": 647.062216,
    "model": "gemini-2.5-flash",
    "input_cost_per_token": 2.5e-06,
    "output_cost_per_token": 1e-05,
    "total_input_tokens": 52680,
    "total_output_tokens": 6696,
    "total_tokens": 59376,
    "total_cost": 0.19866
}