{
    "commit": "87fbc6f7566e4d3266bd3a2cd69f6c90e1aefa5d",
    "start_epoch": 1751636721.357231,
    "end_epoch": 1751637117.790674,
    "elapsed_seconds": 396.433443,
    "model": "gemini-2.5-flash",
    "input_cost_per_token": 2.5e-06,
    "output_cost_per_token": 1e-05,
    "total_input_tokens": 29370,
    "total_output_tokens": 3939,
    "total_tokens": 33309,
    "total_cost": 0.11281500000000001
}