{
    "commit": "1eb42eed974f944401091325bbe8e61b38fd0678",
    "start_epoch": 1750940468.995993,
    "end_epoch": 1750942319.586996,
    "elapsed_seconds": 1850.591003,
    "model": "gemini-2.5-flash",
    "input_cost_per_token": 2.5e-06,
    "output_cost_per_token": 1e-05,
    "total_input_tokens": 117630,
    "total_output_tokens": 13471,
    "total_tokens": 131101,
    "total_cost": 0.42878499999999997
}