{
    "commit": "c9de7dd12d2971c63f9d32ce5459eb98f2fec13d",
    "start_epoch": 1750939769.949122,
    "end_epoch": 1750940468.385465,
    "elapsed_seconds": 698.436343,
    "model": "gemini-2.5-flash",
    "input_cost_per_token": 2.5e-06,
    "output_cost_per_token": 1e-05,
    "total_input_tokens": 59539,
    "total_output_tokens": 9389,
    "total_tokens": 68928,
    "total_cost": 0.24273750000000005
}