{
    "commit": "19cac63fe4b4d8fe6a4ced28de16a68659cf9035",
    "start_epoch": 1751940082.082015,
    "end_epoch": 1751940788.926624,
    "elapsed_seconds": 706.844609,
    "model": "gemini-2.5-flash",
    "input_cost_per_token": 2.5e-06,
    "output_cost_per_token": 1e-05,
    "total_input_tokens": 61086,
    "total_output_tokens": 6933,
    "total_tokens": 68019,
    "total_cost": 0.22204500000000005
}