{
    "commit": "0387fb64ced7c3626b3164207c2d29aadb9ceaf2",
    "start_epoch": 1750948581.797909,
    "end_epoch": 1750949522.05481,
    "elapsed_seconds": 940.256901,
    "model": "gemini-2.5-flash",
    "input_cost_per_token": 2.5e-06,
    "output_cost_per_token": 1e-05,
    "total_input_tokens": 106850,
    "total_output_tokens": 9419,
    "total_tokens": 116269,
    "total_cost": 0.361315
}