{
    "commit": "1f918159edded99c9c0cf005c96ecc12e4cc92b1",
    "start_epoch": 1751917370.463982,
    "end_epoch": 1751918132.475947,
    "elapsed_seconds": 762.011965,
    "model": "gemini-2.5-flash",
    "input_cost_per_token": 2.5e-06,
    "output_cost_per_token": 1e-05,
    "total_input_tokens": 46513,
    "total_output_tokens": 6750,
    "total_tokens": 53263,
    "total_cost": 0.18378250000000002
}