{
    "commit": "97e9ed11bce828235a25e2cb72910fa6928ffdf5",
    "start_epoch": 1751940789.410533,
    "end_epoch": 1751941711.907803,
    "elapsed_seconds": 922.49727,
    "model": "gemini-2.5-flash",
    "input_cost_per_token": 2.5e-06,
    "output_cost_per_token": 1e-05,
    "total_input_tokens": 92472,
    "total_output_tokens": 10607,
    "total_tokens": 103079,
    "total_cost": 0.33725000000000005
}